img_path,xmin,ymin,xmax,ymax,width,height,label
images/train\video_11min_001.jpg,0.5261985,0.2484605,0.9944255,0.5728955,300,300,3.0
images/train\video_11min_001.jpg,0.005574000000000023,0.2525665,0.5261979999999999,0.9527715,300,300,3.0
images/train\video_11min_001.jpg,0.0011144999999999974,0.9486654999999999,0.0746935,0.9856265,300,300,3.0
images/train\video_11min_003.jpg,0.0011144999999999905,0.599589,0.3478255,0.975359,300,300,3.0
images/train\video_11min_003.jpg,0.35340049999999995,0.41067699999999996,0.6778154999999999,0.593429,300,300,3.0
images/train\video_11min_003.jpg,0.681159,0.3080085,0.996655,0.49897349999999996,300,300,3.0
images/train\video_11min_004.jpg,0.0022300000000000098,0.5010264999999999,0.395764,0.8726895,300,300,3.0
images/train\video_11min_004.jpg,0.40468249999999995,0.3757695,0.7045715,0.5338805,300,300,3.0
images/train\video_11min_004.jpg,0.7146045,0.3326485,0.9966555,0.45790549999999997,300,300,3.0
images/train\video_11min_004.jpg,0.707915,0.45995899999999995,0.807135,0.5071869999999999,300,300,3.0
images/train\video_11min_005.jpg,0.005573999999999996,0.5051329999999999,0.377926,0.921971,300,300,3.0
images/train\video_11min_005.jpg,0.3890745,0.4291585,0.7413595,0.5934295,300,300,3.0
images/train\video_11min_005.jpg,0.7424745,0.3675565,0.9966555,0.5256675,300,300,3.0
images/train\video_11min_006.jpg,0.003343999999999986,0.5277205,0.34782599999999997,0.9075975000000001,300,300,3.0
images/train\video_11min_006.jpg,0.35117050000000005,0.37782400000000005,0.6677815,0.644764,300,300,3.0
images/train\video_11min_006.jpg,0.6688970000000001,0.36345,0.995541,0.570842,300,300,3.0
images/train\video_11min_007.jpg,5.000000000143778e-07,0.42299800000000004,0.4492755,0.8850100000000001,300,300,3.0
images/train\video_11min_007.jpg,0.45150500000000005,0.3983575,0.8238570000000001,0.5277205,300,300,3.0
images/train\video_11min_007.jpg,0.827202,0.433265,0.996656,0.525667,300,300,3.0
images/train\video_11min_008.jpg,0.0033450000000000146,0.48665300000000006,0.381271,0.8973310000000001,300,300,3.0
images/train\video_11min_008.jpg,0.386845,0.400411,0.677815,0.562629,300,300,3.0
images/train\video_11min_008.jpg,0.6778150000000001,0.43942499999999995,0.995541,0.540041,300,300,3.0
images/train\video_11min_009.jpg,0.0033445000000000003,0.4661195,0.38238550000000004,0.8993845,300,300,3.0
images/train\video_11min_009.jpg,0.3846155,0.3819305,0.7959864999999999,0.6057494999999999,300,300,3.0
images/train\video_11min_009.jpg,0.7971015,0.44558450000000005,0.9955405,0.5646815000000001,300,300,3.0
images/train\video_11min_010.jpg,0.003343999999999986,0.48254600000000003,0.399108,0.8706360000000001,300,300,3.0
images/train\video_11min_010.jpg,0.4035675,0.40862449999999995,0.9921964999999999,0.5585215,300,300,3.0
images/train\video_11min_011.jpg,0.002229999999999982,0.5605755,0.319956,0.8850105,300,300,3.0
images/train\video_11min_011.jpg,0.324415,0.4127315,0.987737,0.6776184999999999,300,300,3.0
images/train\video_11min_012.jpg,0.0033445000000000003,0.4579055,0.4280935,0.8767965,300,300,3.0
images/train\video_11min_012.jpg,0.4358975,0.4086245,0.9955404999999999,0.5400415000000001,300,300,3.0
images/train\video_11min_013.jpg,0.0033445000000000003,0.48665300000000006,0.4069115,0.8706370000000001,300,300,3.0
images/train\video_11min_013.jpg,0.412486,0.41683749999999997,0.8093640000000001,0.5482545,300,300,3.0
images/train\video_11min_013.jpg,0.8104795,0.431211,0.9921964999999999,0.613963,300,300,3.0
images/train\video_11min_014.jpg,0.0022300000000000098,0.46611900000000006,0.395764,0.841889,300,300,3.0
images/train\video_11min_014.jpg,0.40022300000000005,0.40862449999999995,0.7257530000000001,0.5605755,300,300,3.0
images/train\video_11min_014.jpg,0.7257525,0.5236135,0.9944255,0.5811085,300,300,3.0
images/train\video_11min_015.jpg,0.003344999999999987,0.408624,0.440357,0.804928,300,300,3.0
images/train\video_11min_015.jpg,0.445931,0.3963035,0.774805,0.5400404999999999,300,300,3.0
images/train\video_11min_015.jpg,0.7814939999999999,0.43326449999999994,0.996656,0.6529775,300,300,3.0
images/train\video_11min_016.jpg,0.007803500000000019,0.511294,0.3244145,0.778234,300,300,3.0
images/train\video_11min_016.jpg,0.3288735,0.39835750000000003,0.5429204999999999,0.6160165000000001,300,300,3.0
images/train\video_11min_016.jpg,0.5473804999999999,0.4024645,0.7079155,0.5790555,300,300,3.0
images/train\video_11min_016.jpg,0.7112595,0.529774,0.9955405,0.704312,300,300,3.0
images/train\video_11min_017.jpg,0.004459500000000005,0.470226,0.3244145,0.7720739999999999,300,300,3.0
images/train\video_11min_017.jpg,0.3244145,0.3470225,0.6410255,0.6180694999999999,300,300,3.0
images/train\video_11min_018.jpg,0.0033445000000000003,0.3737170000000001,0.4871795,0.802875,300,300,3.0
images/train\video_11min_019.jpg,0.004459000000000046,0.394251,0.544035,0.8090350000000001,300,300,3.0
images/train\video_11min_020.jpg,0.007804000000000005,0.39219699999999996,0.468228,0.882957,300,300,3.0
images/train\video_11min_021.jpg,0.19063599999999997,0.49281300000000006,0.376812,0.733059,300,300,3.0
images/train\video_11min_021.jpg,0.6845035,0.47433300000000006,0.7748045,0.6221770000000001,300,300,3.0
images/train\video_11min_021.jpg,0.9397995,0.5379879999999999,0.9955405,0.659138,300,300,3.0
images/train\video_11min_022.jpg,0.685619,0.4681725,0.998885,0.6878855,300,300,3.0
images/train\video_11min_023.jpg,0.783724,0.5359345000000001,0.9944259999999999,0.6386035,300,300,3.0
images/train\video_11min_044.jpg,0.007803499999999991,0.589322,0.27536249999999995,0.87885,300,300,3.0
images/train\video_11min_044.jpg,0.007804000000000005,0.8809035000000001,0.139354,0.9835725,300,300,3.0
images/train\video_11min_045.jpg,0.010034000000000015,0.50308,0.285396,0.973306,300,300,3.0
images/train\video_11min_045.jpg,0.30323300000000003,0.355236,0.5484950000000001,0.550308,300,300,3.0
images/train\video_11min_045.jpg,0.26309899999999997,0.4661185,0.329989,0.5646815,300,300,3.0
images/train\video_11min_046.jpg,0.007804000000000005,0.4332655,0.298774,0.9856265,300,300,3.0
images/train\video_11min_046.jpg,0.31326699999999996,0.357289,0.569677,0.519507,300,300,3.0
images/train\video_11min_046.jpg,0.5875140000000001,0.44147850000000005,0.996656,0.5728955,300,300,3.0
images/train\video_11min_047.jpg,0.004459500000000005,0.5482545000000001,0.2486065,0.9958935,300,300,3.0
images/train\video_11min_047.jpg,0.26532900000000004,0.34907599999999994,0.569677,0.616016,300,300,3.0
images/train\video_11min_047.jpg,0.591973,0.44353200000000004,0.996655,0.603696,300,300,3.0
images/train\video_11min_047.jpg,0.5719065,0.408624,0.5942035,0.568788,300,300,3.0
images/train\video_11min_047.jpg,0.25306599999999996,0.49076,0.26087,0.62423,300,300,3.0
images/train\video_11min_048.jpg,0.3099225,0.355236,0.5919735,0.523614,300,300,3.0
images/train\video_11min_048.jpg,0.5964324999999999,0.43326499999999996,0.7892975,0.5338809999999999,300,300,3.0
images/train\video_11min_048.jpg,0.7168335,0.4373715,0.9955405,0.5831625,300,300,3.0
images/train\video_11min_049.jpg,0.2876255,0.334702,0.6098105,0.542094,300,300,3.0
images/train\video_11min_049.jpg,0.746934,0.410678,0.994426,0.591376,300,300,3.0
images/train\video_11min_050.jpg,0.0780375,0.6016429999999999,0.2486065,0.991787,300,300,3.0
images/train\video_11min_050.jpg,0.2619845,0.3347025,0.5195095000000001,0.6057494999999999,300,300,3.0
images/train\video_11min_050.jpg,0.5384614999999999,0.49486700000000006,0.8929765000000001,0.601643,300,300,3.0
images/train\video_11min_050.jpg,0.5395765,0.3778235,0.5863995000000001,0.4825465,300,300,3.0
images/train\video_11min_050.jpg,0.90301,0.4353185,0.9977699999999999,0.5585215,300,300,3.0
images/train\video_11min_051.jpg,0.7480494999999999,0.44353149999999997,0.9977705,0.5893225,300,300,3.0
images/train\video_11min_052.jpg,0.253066,0.3367555,0.414716,0.6016425,300,300,3.0
images/train\video_11min_052.jpg,0.7536229999999999,0.439425,0.993311,0.605749,300,300,3.0
images/train\video_11min_052.jpg,0.422519,0.340862,0.551839,0.48254600000000003,300,300,3.0
images/train\video_11min_053.jpg,0.762542,0.4045175000000001,0.994426,0.6344965,300,300,3.0
images/train\video_11min_057.jpg,0.14381299999999997,0.3429155,0.386845,0.9774125,300,300,3.0
images/train\video_11min_057.jpg,0.87068,0.3839835,0.9944259999999999,0.5277205,300,300,3.0
images/train\video_11min_058.jpg,0.14604249999999996,0.32032849999999996,0.4470455,0.9753594999999999,300,300,3.0
images/train\video_11min_058.jpg,0.8394649999999999,0.3634495,0.998885,0.5605745,300,300,3.0
images/train\video_11min_059.jpg,0.1493875,0.579056,0.22408050000000002,0.9671460000000001,300,300,3.0
images/train\video_11min_059.jpg,0.217391,0.32648849999999996,0.532887,0.5318275,300,300,3.0
images/train\video_11min_060.jpg,0.16387999999999997,0.3490755,0.331104,0.9979465,300,300,3.0
images/train\video_11min_060.jpg,0.3533995,0.3285425,0.5886285,0.4455855,300,300,3.0
images/train\video_11min_061.jpg,0.1672245,0.36755699999999997,0.3199555,0.983573,300,300,3.0
images/train\video_11min_061.jpg,0.3444815,0.3264885,0.5150505,0.4168375,300,300,3.0
images/train\video_11min_061.jpg,0.791527,0.310062,0.9933109999999999,0.531828,300,300,3.0
images/train\video_11min_062.jpg,0.170569,0.564682,0.235229,0.98768,300,300,3.0
images/train\video_11min_062.jpg,0.24972149999999999,0.31006199999999995,0.4671125,0.644764,300,300,3.0
images/train\video_11min_063.jpg,0.185061,0.4435315,0.274247,0.9979465000000001,300,300,3.0
images/train\video_11min_063.jpg,0.279822,0.32648900000000003,0.5897439999999999,0.554415,300,300,3.0
images/train\video_11min_064.jpg,0.17837250000000002,0.5708415,0.2474915,0.9835725,300,300,3.0
images/train\video_11min_064.jpg,0.25418050000000003,0.29568799999999995,0.5607575,0.632444,300,300,3.0
images/train\video_11min_065.jpg,0.1917505,0.39219699999999996,0.3065775,0.983573,300,300,3.0
images/train\video_11min_065.jpg,0.30880700000000005,0.322382,0.578595,0.4846,300,300,3.0
images/train\video_11min_066.jpg,0.2006695,0.47227900000000006,0.2753625,0.989733,300,300,3.0
images/train\video_11min_066.jpg,0.28316600000000003,0.326488,0.571906,0.535934,300,300,3.0
images/train\video_11min_067.jpg,0.2006695,0.44969200000000004,0.3021185,0.9856260000000001,300,300,3.0
images/train\video_11min_067.jpg,0.306578,0.3182755,0.652174,0.4353185,300,300,3.0
images/train\video_11min_067.jpg,0.663322,0.18275149999999998,0.994426,0.4681725,300,300,3.0
images/train\video_11min_068.jpg,0.20066900000000001,0.33470199999999994,0.322185,0.99384,300,300,3.0
images/train\video_11min_068.jpg,0.327759,0.334702,0.643255,0.455852,300,300,3.0
images/train\video_11min_068.jpg,0.8483835000000001,0.15195099999999997,0.9977705,0.433265,300,300,3.0
images/train\video_11min_069.jpg,0.190635,0.27720750000000005,0.43255299999999997,0.9794665,300,300,3.0
images/train\video_11min_070.jpg,0.17279850000000002,0.29363449999999996,0.4492755,0.9753594999999999,300,300,3.0
images/train\video_11min_070.jpg,0.46711250000000004,0.3162215,0.6053515,0.4332645,300,300,3.0
images/train\video_11min_071.jpg,0.204013,0.34086299999999997,0.381271,0.983573,300,300,3.0
images/train\video_11min_071.jpg,0.4425865,0.31827500000000003,0.6164995,0.466119,300,300,3.0
images/train\video_11min_071.jpg,0.379041,0.3326485,0.454849,0.4373715,300,300,3.0
images/train\video_11min_072.jpg,0.2118175,0.33470199999999994,0.2965445,0.99384,300,300,3.0
images/train\video_11min_072.jpg,0.297659,0.334702,0.7179490000000001,0.470226,300,300,3.0
images/train\video_11min_072.jpg,0.7302115,0.012320499999999984,0.9933105,0.47227949999999996,300,300,3.0
images/train\video_11min_073.jpg,0.20401350000000001,0.271047,0.4403565,0.9691989999999999,300,300,3.0
images/train\video_11min_073.jpg,0.44704600000000005,0.281314,0.916388,0.44969200000000004,300,300,3.0
images/train\video_11min_073.jpg,0.9052395,0.045174500000000006,0.9921964999999999,0.2505135,300,300,3.0
images/train\video_11min_074.jpg,0.21627649999999998,0.30800800000000006,0.4147155,0.973306,300,300,3.0
images/train\video_11min_074.jpg,0.42474949999999995,0.308008,0.8684505,0.44969200000000004,300,300,3.0
images/train\video_11min_074.jpg,0.8506135,0.03901450000000001,0.9977705,0.2854215,300,300,3.0
images/train\video_11min_075.jpg,0.20735749999999997,0.33880899999999997,0.3623185,0.983573,300,300,3.0
images/train\video_11min_075.jpg,0.3745815,0.32648900000000003,0.7959865,0.447639,300,300,3.0
images/train\video_11min_075.jpg,0.81048,0.03080049999999998,0.988852,0.43121149999999997,300,300,3.0
images/train\video_11min_076.jpg,0.22408050000000002,0.349076,0.3255295,0.9671460000000001,300,300,3.0
images/train\video_11min_076.jpg,0.33333350000000006,0.3429155,0.7034565,0.4332645,300,300,3.0
images/train\video_11min_076.jpg,0.7268669999999999,0.022587499999999983,0.977703,0.4229985,300,300,3.0
images/train\video_11min_077.jpg,0.23188450000000002,0.3080085,0.3712375,0.9835735,300,300,3.0
images/train\video_11min_077.jpg,0.373467,0.32443550000000004,0.8238570000000001,0.4086245,300,300,3.0
images/train\video_11min_077.jpg,0.8372355,0.014373999999999998,0.9765885000000001,0.349076,300,300,3.0
images/train\video_11min_078.jpg,0.2329985,0.326489,0.3444815,0.9774129999999999,300,300,3.0
images/train\video_11min_078.jpg,0.34894099999999995,0.33264900000000003,0.778149,0.441479,300,300,3.0
images/train\video_11min_078.jpg,0.7792645,0.004106499999999985,0.9698994999999999,0.4373715,300,300,3.0
images/train\video_11min_079.jpg,0.24972100000000003,0.367557,0.312151,0.950719,300,300,3.0
images/train\video_11min_079.jpg,0.31995549999999995,0.3490765,0.7502785,0.4394255,300,300,3.0
images/train\video_11min_079.jpg,0.7681155,0.016427499999999984,0.9609805,0.4291585,300,300,3.0
images/train\video_11min_080.jpg,0.24637650000000003,0.34291599999999994,0.36900750000000004,0.9856259999999999,300,300,3.0
images/train\video_11min_080.jpg,0.395764,0.334702,0.716834,0.429158,300,300,3.0
images/train\video_11min_081.jpg,0.24303199999999997,0.301848,0.380156,0.965092,300,300,3.0
images/train\video_11min_081.jpg,0.386845,0.322382,0.7837230000000001,0.39630400000000005,300,300,3.0
images/train\video_11min_081.jpg,0.7837240000000001,0.030800999999999995,0.913044,0.37166299999999997,300,300,3.0
images/train\video_11min_082.jpg,0.257525,0.34291550000000004,0.333333,0.9650925,300,300,3.0
images/train\video_11min_082.jpg,0.33890800000000004,0.3449685,0.7246380000000001,0.41683749999999997,300,300,3.0
images/train\video_11min_082.jpg,0.724638,0.028747999999999996,0.908584,0.416838,300,300,3.0
images/train\video_11min_083.jpg,0.2653285,0.34291600000000005,0.3634335,0.9671460000000001,300,300,3.0
images/train\video_11min_083.jpg,0.36789249999999996,0.35729,0.7837235,0.41683800000000004,300,300,3.0
images/train\video_11min_083.jpg,0.7770345,0.010267500000000013,0.8940914999999999,0.3347025,300,300,3.0
images/train\video_11min_084.jpg,0.259755,0.2751535,0.35674500000000003,0.9568785,300,300,3.0
images/train\video_11min_084.jpg,0.36120450000000004,0.285421,0.7402455,0.37987699999999996,300,300,3.0
images/train\video_11min_084.jpg,0.7458195,0.014373499999999984,0.9063545000000001,0.3593425,300,300,3.0
images/train\video_11min_085.jpg,0.25418050000000003,0.7371665,0.3277595,0.9835735,300,300,3.0
images/train\video_11min_085.jpg,0.434782,0.3326495,0.714604,0.3819305,300,300,3.0
images/train\video_11min_085.jpg,0.7279825,0.016426999999999997,0.8751395,0.351129,300,300,3.0
images/train\video_11min_086.jpg,0.28874,0.7515395,0.34002200000000005,0.9712525000000001,300,300,3.0
images/train\video_11min_086.jpg,0.4425865,0.3531825,0.7079154999999999,0.37576950000000003,300,300,3.0
images/train\video_11min_086.jpg,0.7079155,0.030800999999999995,0.8662205,0.365503,300,300,3.0
images/train\video_11min_087.jpg,0.2931995,0.7577005,0.3545145,0.9630394999999999,300,300,3.0
images/train\video_11min_087.jpg,0.4448155,0.3408625,0.6856184999999999,0.42505149999999997,300,300,3.0
images/train\video_11min_087.jpg,0.6989970000000001,0.045174500000000006,0.828317,0.3655035,300,300,3.0
images/train\video_11min_088.jpg,0.2898555,0.7905545,0.3645485,0.9753594999999999,300,300,3.0
images/train\video_11min_088.jpg,0.261985,0.3819305,0.356745,0.7474335000000001,300,300,3.0
images/train\video_11min_088.jpg,0.36231899999999995,0.3490765,0.645485,0.39835750000000003,300,300,3.0
images/train\video_11min_088.jpg,0.659978,0.0677615,0.823858,0.3860365,300,300,3.0
images/train\video_11min_089.jpg,0.5061315,0.6447635,0.7603125,0.9835725,300,300,2.0
images/train\video_11min_089.jpg,0.7603125000000001,0.16221800000000003,0.9933115,0.638604,300,300,2.0
images/train\video_11min_090.jpg,0.570792,0.21355249999999998,0.9888520000000001,0.9835734999999999,300,300,2.0
images/train\video_11min_091.jpg,0.5351175,0.13757750000000002,0.9921965,0.9856265000000001,300,300,2.0
images/train\video_11min_092.jpg,0.438127,0.9671455,0.44370099999999996,0.9774125,300,300,2.0
images/train\video_11min_092.jpg,0.4392425,0.01848100000000008,0.9799335,0.997947,300,300,2.0
images/train\video_11min_094.jpg,0.470457,0.392197,0.681159,0.687885,300,300,1.0
images/train\video_11min_095.jpg,0.6588625,0.20739200000000002,0.9966555,0.9917860000000001,300,300,2.0
images/train\video_11min_096.jpg,0.46265350000000005,0.482546,0.5496105,0.568788,300,300,1.0
images/train\video_11min_096.jpg,0.6700109999999999,0.07186899999999996,0.995541,0.991787,300,300,2.0
images/train\video_11min_097.jpg,0.645485,0.04517449999999995,0.9899669999999999,0.9876795,300,300,2.0
images/train\video_11min_097.jpg,0.4793755,0.35729,0.5986625,0.49076,300,300,1.0
images/train\video_11min_098.jpg,0.6243029999999999,0.3203285,0.723523,0.43121149999999997,300,300,1.0
images/train\video_11min_098.jpg,0.142698,0.1457905,0.298774,0.3018475,300,300,1.0
images/train\video_11min_098.jpg,0.8071349999999999,0.40862350000000003,0.995541,0.9774125,300,300,2.0
images/train\video_11min_098.jpg,0.07469349999999997,0.43326450000000005,0.5451505,0.7659135,300,300,4.0
images/train\video_11min_099.jpg,0.7134895,0.19507199999999997,0.8762545,0.334702,300,300,1.0
images/train\video_11min_099.jpg,0.25752549999999996,0.061602000000000004,0.4425865,0.24846000000000001,300,300,1.0
images/train\video_11min_099.jpg,0.017837,0.476386,0.07692299999999999,0.638604,300,300,1.0
images/train\video_11min_099.jpg,0.200669,0.32648849999999996,0.618729,0.6262835,300,300,4.0
images/train\video_11min_100.jpg,0.2586405,0.0944555,0.4894095,0.33880849999999996,300,300,1.0
images/train\video_11min_100.jpg,0.7157195000000001,0.219713,0.8684505,0.359343,300,300,1.0
images/train\video_11min_100.jpg,0.141583,0.41683799999999993,0.618729,0.700206,300,300,4.0
images/train\video_11min_101.jpg,0.11482699999999998,0.33675550000000004,0.588629,0.7310065000000001,300,300,4.0
images/train\video_11min_102.jpg,0.15719100000000003,0.31211550000000005,0.5351170000000001,0.7310065000000001,300,300,4.0
images/train\video_11min_102.jpg,0.764771,0.1047225,0.9933109999999999,0.4435315,300,300,1.0
images/train\video_11min_102.jpg,0.14492750000000004,0.039014499999999994,0.3812705,0.2032855,300,300,1.0
images/train\video_11min_103.jpg,0.27982150000000006,0.279261,0.4827205,0.728953,300,300,4.0
images/train\video_11min_103.jpg,0.7625415,0.09240299999999999,0.9063545,0.37371699999999997,300,300,1.0
images/train\video_11min_103.jpg,0.1516165,0.06365499999999999,0.3957635,0.178645,300,300,1.0
images/train\video_11min_104.jpg,0.729097,0.1786445,0.9208470000000001,0.35523550000000004,300,300,1.0
images/train\video_11min_104.jpg,0.18283150000000004,0.092403,0.4191745,0.232033,300,300,1.0
images/train\video_11min_104.jpg,0.1226315,0.303901,0.6231885,0.800821,300,300,4.0
images/train\video_11min_105.jpg,0.12151600000000001,0.30184849999999996,0.5663320000000001,0.8151955,300,300,4.0
images/train\video_11min_105.jpg,0.7335565,0.15605750000000002,0.8940915,0.3675565,300,300,1.0
images/train\video_11min_105.jpg,0.13154949999999999,0.0718685,0.3701225,0.2279255,300,300,1.0
images/train\video_11min_106.jpg,0.35563,0.2772075,0.570792,0.5010265,300,300,1.0
images/train\video_11min_106.jpg,0.3455965,0.607803,0.8294315,0.942505,300,300,4.0
images/train\video_11min_107.jpg,0.4336675,0.36961,0.6231885,0.570842,300,300,1.0
images/train\video_11min_107.jpg,0.37904150000000003,0.6796715,0.7502785000000001,0.9527725,300,300,4.0
images/train\video_11min_108.jpg,0.34559699999999993,0.24435349999999997,0.742475,0.6160165,300,300,1.0
images/train\video_11min_109.jpg,0.3924195,0.310061,0.6365665,0.5728949999999999,300,300,1.0
images/train\video_11min_110.jpg,0.39910749999999995,0.38809099999999996,0.6989965,0.581109,300,300,1.0
images/train\video_11min_111.jpg,0.4303235,0.2587265,0.6978825,0.5646815000000001,300,300,1.0
images/train\video_11min_111.jpg,0.5429205,0.609856,0.9186175,0.9671460000000001,300,300,4.0
images/train\video_11min_112.jpg,0.1226315,0.30184750000000005,0.3968785,0.5071865,300,300,1.0
images/train\video_11min_113.jpg,0.3010034999999999,0.275154,0.8851724999999999,0.6919919999999999,300,300,4.0
images/train\video_11min_113.jpg,0.0903005,0.5790555,0.1293195,0.8234085,300,300,1.0
images/train\video_11min_114.jpg,0.693422,0.022587499999999983,0.80602,0.9322385,300,300,2.0
images/train\video_11min_114.jpg,0.43255350000000004,0.44147850000000005,0.5529545,0.5995895,300,300,4.0
images/train\video_11min_115.jpg,0.45262,0.431211,0.574136,0.566735,300,300,4.0
images/train\video_11min_115.jpg,0.7235225000000001,0.07597500000000007,0.7569675,0.960985,300,300,2.0
images/train\video_11min_115.jpg,0.0646595,0.045174500000000006,0.2998885,0.3449695,300,300,3.0
images/train\video_11min_116.jpg,0.0702335,0.03080050000000001,0.1817165,0.3018475,300,300,3.0
images/train\video_11min_116.jpg,0.457079,0.37371699999999997,0.569677,0.661191,300,300,4.0
images/train\video_11min_116.jpg,0.730212,0.05544150000000003,0.751394,0.9568785000000001,300,300,2.0
images/train\video_11min_117.jpg,0.724638,0.09034950000000003,0.749164,0.9794665,300,300,2.0
images/train\video_11min_117.jpg,0.057970999999999995,0.1293635,0.311037,0.27515449999999997,300,300,3.0
images/train\video_11min_117.jpg,0.42586450000000003,0.4661195000000001,0.5863995000000001,0.5770025000000001,300,300,4.0
images/train\video_11min_118.jpg,0.4983274999999999,0.443532,0.6343365,0.609856,300,300,4.0
images/train\video_11min_118.jpg,0.7591975,0.09650900000000001,0.8205125,0.9219710000000001,300,300,2.0
images/train\video_11min_118.jpg,0.056856500000000004,0.008213999999999999,0.3355635,0.37577,300,300,3.0
images/train\video_11min_119.jpg,0.06131600000000001,0.024640499999999982,0.36343400000000003,0.4784395,300,300,3.0
images/train\video_11min_119.jpg,0.8595315,0.08008200000000004,0.8907465,0.9322380000000001,300,300,2.0
images/train\video_11min_119.jpg,0.5239689999999999,0.41683800000000004,0.739131,0.6262840000000001,300,300,4.0
images/train\video_11min_120.jpg,0.0746935,0.08008200000000001,0.5295425,0.548254,300,300,3.0
images/train\video_11min_120.jpg,0.725753,0.42094499999999996,0.871795,0.5482549999999999,300,300,4.0
images/train\video_11min_121.jpg,0.8149385,0.349076,0.9353395,0.46406600000000003,300,300,4.0
images/train\video_11min_121.jpg,0.039019,0.06981500000000002,0.521739,0.640657,300,300,3.0
images/train\video_11min_122.jpg,0.086957,0.1129365,0.890747,0.8357295,300,300,2.0
images/train\video_11min_123.jpg,0.10256399999999993,0.12936350000000002,0.940914,0.8973305,300,300,2.0
images/train\video_11min_124.jpg,0.10144900000000001,0.2156055,0.856187,0.8110885,300,300,2.0
images/train\video_11min_125.jpg,0.09810449999999998,0.14578999999999998,0.8673355,0.858316,300,300,2.0
images/train\video_11min_126.jpg,0.1360095,0.26899400000000007,0.7525085,0.852156,300,300,2.0
images/train\video_11min_127.jpg,0.09699000000000002,0.2607805,0.738016,0.8418895,300,300,2.0
images/train\video_11min_128.jpg,0.1371235,0.2915805,0.8049044999999999,0.7864475,300,300,2.0
images/train\video_11min_129.jpg,0.16388000000000003,0.14784400000000003,0.8996660000000001,0.786448,300,300,2.0
images/train\video_11min_130.jpg,0.14938649999999998,0.137577,0.8595315,0.800821,300,300,2.0
images/train\video_11min_131.jpg,0.10144900000000001,0.10472300000000001,0.839465,0.747433,300,300,2.0
images/train\video_11min_132.jpg,0.17391249999999997,0.18685849999999998,0.8138235,0.7535935,300,300,2.0
images/train\video_11min_133.jpg,0.09587499999999999,0.12936400000000003,0.8963209999999999,0.919918,300,300,2.0
images/train\video_11min_134.jpg,0.09921950000000002,0.16016400000000003,0.7848385,0.8521560000000001,300,300,2.0
images/train\video_11min_135.jpg,0.09253,0.13757700000000006,0.830546,0.901437,300,300,2.0
images/train\video_11min_136.jpg,0.08472650000000004,0.08213550000000003,0.8060195,0.8377825,300,300,2.0
images/train\video_11min_137.jpg,0.11259799999999998,0.17248449999999999,0.690078,0.7597535,300,300,2.0
images/train\video_11min_138.jpg,0.693423,0.6673505,0.930881,0.9671455,300,300,2.0
images/train\video_11min_139.jpg,0.10590850000000002,0.25667350000000005,0.6276474999999999,0.7577005000000001,300,300,2.0
images/train\video_11min_140.jpg,0.20735800000000001,0.05544149999999998,0.663322,0.7782344999999999,300,300,2.0
images/train\video_11min_141.jpg,0.12486050000000001,0.16221800000000003,0.6109255,0.7987679999999999,300,300,2.0
images/train\video_11min_142.jpg,0.14715699999999998,0.25256600000000007,0.516165,0.784394,300,300,2.0
images/train\video_11min_143.jpg,0.21739100000000003,0.12730999999999998,0.584169,0.6899379999999999,300,300,2.0
images/train\video_11min_144.jpg,0.3500555,0.542094,0.4080265,0.958932,300,300,2.0
images/train\video_11min_144.jpg,0.395764,0.018480000000000024,0.7926420000000001,0.5154,300,300,2.0
images/train\video_11min_145.jpg,0.3377925,0.655031,0.3991075,0.969199,300,300,2.0
images/train\video_11min_145.jpg,0.654404,0.008213499999999999,0.797102,0.21971249999999998,300,300,2.0
images/train\video_11min_146.jpg,0.324415,0.5975360000000001,0.400223,0.973306,300,300,2.0
images/train\video_11min_147.jpg,0.3166115,0.626284,0.4180605,0.967146,300,300,2.0
images/train\video_11min_147.jpg,0.35897499999999993,0.030800999999999967,0.755853,0.581109,300,300,2.0
images/train\video_11min_148.jpg,0.06577450000000001,0.28336700000000004,0.3065775,0.741273,300,300,2.0
images/train\video_11min_149.jpg,0.168339,0.13552399999999998,0.529543,0.825462,300,300,2.0
images/train\video_11min_150.jpg,0.18506150000000002,0.13552350000000002,0.6231885,0.8829565,300,300,2.0
images/train\video_11min_151.jpg,0.2430325,0.14784350000000007,0.6889635000000001,0.8891165000000001,300,300,2.0
images/train\video_11min_152.jpg,0.2697885,0.12320349999999997,0.5997775,0.8850104999999999,300,300,2.0
images/train\video_11min_153.jpg,0.253066,0.04722799999999999,0.667782,0.893224,300,300,2.0
images/train\video_11min_154.jpg,0.255295,0.11704349999999997,0.570791,0.9178645,300,300,2.0
images/train\video_11min_155.jpg,0.29988800000000004,0.16221799999999997,0.60981,0.901438,300,300,2.0
images/train\video_11min_157.jpg,0.132664,0.441478,0.36120399999999997,0.9856259999999999,300,300,3.0
images/train\video_11min_157.jpg,0.1772575,0.03285449999999998,0.3511705,0.37166350000000004,300,300,3.0
images/train\video_11min_158.jpg,0.12486050000000001,0.08008199999999999,0.2452615,0.946612,300,300,3.0
images/train\video_11min_158.jpg,0.5161645,0.05954849999999995,0.9487175,0.5811095,300,300,2.0
images/train\video_11min_159.jpg,0.512821,0.11498949999999997,0.9308810000000001,0.4928125,300,300,2.0
images/train\video_11min_159.jpg,0.1204015,0.08829600000000004,0.2597545,0.9527720000000001,300,300,3.0
images/train\video_11min_160.jpg,0.1304345,0.12936349999999996,0.2530655,0.9034905,300,300,3.0
images/train\video_11min_160.jpg,0.49275350000000007,0.043120999999999965,0.9308805,0.605749,300,300,2.0
images/train\video_11min_161.jpg,0.48606499999999997,0.10882999999999998,0.963211,0.544148,300,300,2.0
images/train\video_11min_161.jpg,0.1282055,0.057494500000000004,0.26755850000000003,0.9404515,300,300,3.0
images/train\video_11min_162.jpg,0.44481650000000006,0.061601499999999976,0.9342255,0.5831625,300,300,2.0
images/train\video_11min_162.jpg,0.1270905,0.17864450000000004,0.23076950000000002,0.8932235,300,300,3.0
images/train\video_11min_163.jpg,0.11259800000000002,0.1047225,0.26087,0.2505135,300,300,3.0
images/train\video_11min_163.jpg,0.45819400000000005,0.05544199999999999,0.9620960000000001,0.585216,300,300,2.0
images/train\video_11min_164.jpg,0.381271,0.05749499999999996,0.901895,0.593429,300,300,2.0
images/train\video_11min_165.jpg,0.30546249999999997,0.10061599999999998,0.8729095,0.663244,300,300,2.0
images/train\video_11min_166.jpg,0.248606,0.12114999999999998,0.93534,0.659138,300,300,2.0
images/train\video_11min_166.jpg,0.0167225,0.11293599999999998,0.1282055,0.919918,300,300,3.0
images/train\video_11min_168.jpg,0.132665,0.25461949999999994,0.24080300000000002,0.7761804999999999,300,300,4.0
images/train\video_11min_169.jpg,0.16165000000000002,0.301848,0.5663320000000001,0.63655,300,300,4.0
images/train\video_11min_171.jpg,0.346711,0.355236,0.713489,0.638604,300,300,4.0
images/train\video_11min_172.jpg,0.197325,0.1704315,0.653289,0.6570845000000001,300,300,4.0
images/train\video_11min_173.jpg,0.25306549999999994,0.24435349999999997,0.6722405,0.7371665,300,300,4.0
images/train\video_11min_174.jpg,0.308807,0.262834,0.783723,0.819302,300,300,4.0
images/train\video_11min_175.jpg,0.360089,0.2525665,0.7670009999999999,0.7453795,300,300,4.0
images/train\video_11min_176.jpg,0.493869,0.2032855,0.8015610000000001,0.8234085,300,300,4.0
images/train\video_11min_181.jpg,0.361204,0.2813145,0.6064660000000001,0.5256675,300,300,1.0
images/train\video_11min_182.jpg,0.4169455,0.3696095,0.5105905000000001,0.4887065,300,300,1.0
images/train\video_11min_183.jpg,0.41806000000000004,0.44558549999999997,0.5395760000000001,0.7782344999999999,300,300,1.0
images/train\video_11min_183.jpg,0.7803789999999999,0.4168385,0.944259,0.7474335,300,300,4.0
images/train\video_11min_184.jpg,0.740245,0.776181,0.917503,0.989733,300,300,4.0
images/train\video_11min_184.jpg,0.4002235,0.7885005,0.5340025,0.9671455,300,300,1.0
images/train\video_11min_185.jpg,0.3634335,0.831622,0.4615385,0.9240240000000001,300,300,1.0
images/train\video_11min_185.jpg,0.6477145000000001,0.8336755,0.8595315,0.9589325,300,300,4.0
images/train\video_11min_186.jpg,0.580825,0.835729,0.7480490000000001,0.942505,300,300,4.0
images/train\video_11min_186.jpg,0.2552955,0.8788505,0.34782650000000004,0.9425055,300,300,1.0
images/train\video_11min_187.jpg,0.104794,0.0780285,0.943144,0.4722795,300,300,2.0
images/train\video_11min_188.jpg,0.08695650000000005,0.19712549999999998,0.9286515,0.6242305,300,300,2.0
images/train\video_11min_189.jpg,0.08918599999999999,0.20328600000000002,0.944258,0.61191,300,300,2.0
images/train\video_11min_190.jpg,0.12709049999999994,0.22997949999999998,0.9041254999999999,0.5749485,300,300,2.0
images/train\video_11min_191.jpg,0.078038,0.227926,0.921962,0.644764,300,300,2.0
images/train\video_11min_192.jpg,0.07246349999999996,0.2423,0.9331105,0.61807,300,300,2.0
images/train\video_11min_193.jpg,0.11817150000000004,0.15400400000000003,0.9331105,0.61807,300,300,2.0
images/train\video_11min_194.jpg,0.3266445,0.0698155,0.9286515,0.2936345,300,300,2.0
images/train\video_11min_194.jpg,0.2586395,0.6611905,0.6588625,0.8993834999999999,300,300,4.0
images/train\video_11min_195.jpg,0.35563,0.47844,0.520624,0.7453799999999999,300,300,4.0
images/train\video_11min_196.jpg,0.3121515,0.2977415,0.5429205,0.5236145,300,300,4.0
images/train\video_11min_197.jpg,0.3199555,0.2197125,0.5741365,0.5174535,300,300,4.0
images/train\video_11min_198.jpg,0.2932,0.1006165,0.48495,0.3039015,300,300,4.0
images/train\video_11min_200.jpg,0.43589750000000005,0.342916,0.5830545,0.62423,300,300,1.0
images/train\video_11min_201.jpg,0.4492755,0.31416900000000003,0.5473805,0.527721,300,300,1.0
images/train\video_11min_203.jpg,0.45707949999999997,0.38809,0.5473804999999999,0.583162,300,300,1.0
images/train\video_11min_204.jpg,0.35562950000000004,0.412731,0.5451505,0.661191,300,300,1.0
images/train\video_11min_205.jpg,0.3868455,0.38398350000000003,0.5719065,0.6570845000000001,300,300,1.0
images/train\video_11min_206.jpg,0.409141,0.3572895,0.532887,0.6078025,300,300,1.0
images/train\video_11min_207.jpg,0.395764,0.37577000000000005,0.58194,0.6365500000000001,300,300,1.0
images/train\video_11min_208.jpg,0.36120399999999997,0.24435300000000001,0.538462,0.566735,300,300,1.0
images/train\video_11min_209.jpg,0.37012249999999997,0.322382,0.4894095,0.531828,300,300,1.0
images/train\video_11min_210.jpg,0.3924195,0.32648900000000003,0.5072464999999999,0.620123,300,300,1.0
images/train\video_11min_211.jpg,0.550725,0.33264900000000003,0.672241,0.507187,300,300,1.0
images/train\video_11min_212.jpg,0.7134894999999999,0.13346999999999998,0.8416945,0.449692,300,300,1.0
images/train\video_11min_213.jpg,0.6622075,0.355236,0.8193985,0.597536,300,300,1.0
images/train\video_11min_214.jpg,0.1549605,0.1108825,0.3556295,0.4496915,300,300,1.0
images/train\video_11min_215.jpg,0.24080249999999997,0.35112899999999997,0.4124855,0.6262829999999999,300,300,1.0
images/train\video_11min_216.jpg,0.324415,0.402464,0.476031,0.603696,300,300,1.0
images/train\video_11min_216.jpg,0.641026,0.1498975,0.77815,0.38193049999999995,300,300,4.0
images/train\video_11min_218.jpg,0.11259799999999998,0.40041099999999996,0.441472,0.8501029999999999,300,300,3.0
images/train\video_11min_218.jpg,0.490524,0.7186859999999999,0.641026,0.973306,300,300,3.0
images/train\video_11min_219.jpg,0.09253050000000002,0.2648875,0.7859535,0.9527725,300,300,3.0
images/train\video_11min_220.jpg,0.07023449999999998,0.24230000000000007,0.7993315,0.87885,300,300,3.0
images/train\video_11min_222.jpg,0.09476050000000003,0.14579,0.6911935,0.589322,300,300,2.0
images/train\video_11min_223.jpg,0.23299950000000003,0.10883000000000004,0.8628765,0.679672,300,300,2.0
images/train\video_11min_224.jpg,0.19955450000000002,0.145791,0.8104795,0.669405,300,300,2.0
images/train\video_11min_225.jpg,0.2185065,0.13552349999999996,0.8104795,0.6550305000000001,300,300,2.0
images/train\video_11min_226.jpg,0.3277590000000001,0.06570800000000004,0.867335,0.6899379999999999,300,300,2.0
images/train\video_11min_227.jpg,0.31884100000000004,0.16016400000000003,0.833891,0.6221760000000001,300,300,2.0
images/train\video_11min_228.jpg,0.29431399999999996,0.13347,0.832776,0.49486600000000003,300,300,2.0
images/train\video_11min_229.jpg,0.057970999999999995,0.162217,0.658863,0.5462009999999999,300,300,2.0
images/train\video_11min_230.jpg,0.1772575,0.556468,0.5317725,0.7700199999999999,300,300,2.0
images/train\video_11min_235.jpg,0.08361199999999996,0.6960989999999999,0.855072,0.950719,300,300,3.0
images/train\video_11min_235.jpg,0.06688949999999999,0.1457905,0.6610925000000001,0.2689935,300,300,2.0
images/train\video_11min_236.jpg,0.06800499999999998,0.12114999999999998,0.774805,0.476386,300,300,2.0
images/train\video_11min_237.jpg,0.08695600000000003,0.1950725,0.830546,0.6201235,300,300,2.0
images/train\video_11min_239.jpg,0.22073550000000003,0.3552365,0.5373465,0.8275155000000001,300,300,1.0
images/train\video_11min_239.jpg,0.630992,0.096509,0.8115939999999999,0.258727,300,300,1.0
images/train\video_11min_240.jpg,0.625418,0.2238195,0.738016,0.3552365,300,300,1.0
images/train\video_11min_240.jpg,0.175028,0.48254600000000003,0.568562,0.9507180000000001,300,300,1.0
images/train\video_11min_241.jpg,0.562988,0.2443525,0.770346,0.5174535,300,300,1.0
images/train\video_11min_241.jpg,0.09921999999999997,0.5852160000000001,0.48495,0.934292,300,300,1.0
images/train\video_11min_241.jpg,0.10590900000000003,0.06981549999999997,0.645485,0.4743325,300,300,2.0
images/train\video_11min_242.jpg,0.10144899999999998,0.08213500000000001,0.521739,0.478439,300,300,2.0
images/train\video_11min_242.jpg,0.280937,0.6303894999999999,0.413601,0.9774125,300,300,1.0
images/train\video_11min_242.jpg,0.6209589999999999,0.328542,0.734671,0.49692000000000003,300,300,1.0
images/train\video_11min_243.jpg,0.15384650000000002,0.371663,0.5161655,0.8357289999999999,300,300,1.0
images/train\video_11min_243.jpg,0.6365665,0.0739215,0.8104795,0.3470225,300,300,1.0
images/train\video_11min_243.jpg,0.049052999999999986,0.05133499999999999,0.40802700000000003,0.318275,300,300,2.0
images/train\video_11min_244.jpg,0.27647750000000004,0.305955,0.5551845,0.562629,300,300,1.0
images/train\video_11min_245.jpg,0.15719000000000002,0.26078049999999997,0.520624,0.5852155,300,300,1.0
images/train\video_11min_246.jpg,0.2107025,0.266941,0.48940949999999994,0.554415,300,300,1.0
images/train\video_11min_247.jpg,0.11482699999999998,0.2833675,0.48160499999999995,0.7433265,300,300,1.0
images/train\video_11min_248.jpg,0.169454,0.37166350000000004,0.61427,0.9117045,300,300,1.0
images/train\video_11min_249.jpg,0.2129315,0.36344999999999994,0.5696764999999999,0.780288,300,300,1.0
images/train\video_11min_250.jpg,0.3444815,0.014373999999999998,0.6822745,0.47844,300,300,1.0
images/train\video_11min_253.jpg,0.769231,0.5071865,0.863991,0.8932235,300,300,4.0
images/train\video_11min_253.jpg,0.07469350000000002,0.19096450000000004,0.5373465,0.5112935000000001,300,300,4.0
images/train\video_11min_255.jpg,0.42474899999999993,0.367556,0.788183,0.8254619999999999,300,300,4.0
images/train\video_11min_256.jpg,0.123746,0.293634,0.587514,0.7577,300,300,4.0
images/train\video_11min_257.jpg,0.2385735,0.3305955,0.6744705,0.8583164999999999,300,300,4.0
images/train\video_11min_258.jpg,0.2474915,0.43942449999999994,0.5105905000000001,0.8603695,300,300,4.0
images/train\video_11min_261.jpg,0.5451505,0.13963049999999994,0.7458195,0.9753594999999999,300,300,3.0
images/train\video_11min_261.jpg,0.765886,0.08624199999999999,0.86845,0.7987679999999999,300,300,3.0
images/train\video_11min_262.jpg,0.453735,0.02464050000000001,0.855073,0.9753594999999999,300,300,3.0
images/train\video_11min_263.jpg,0.5473805,0.14168399999999998,0.8127095,0.946612,300,300,3.0
images/train\video_11min_264.jpg,0.5239685,0.11088300000000001,0.7190635,0.9445589999999999,300,300,3.0
images/train\video_11min_270.jpg,0.3556295,0.2731,0.5105905,0.408624,300,300,1.0
images/train\video_11min_271.jpg,0.506132,0.3511295,0.6733560000000001,0.5236145,300,300,1.0
images/train\video_11min_273.jpg,0.6544035,0.04312049999999995,0.9442585,0.8932235,300,300,3.0
images/train\video_11min_273.jpg,0.43032299999999996,0.145791,0.5897429999999999,0.527721,300,300,2.0
images/train\video_11min_273.jpg,0.07023449999999998,0.5462015,0.3846155,0.8193025,300,300,2.0
images/train\video_11min_274.jpg,0.0802675,0.43326449999999994,0.2619845,0.7782335,300,300,2.0
images/train\video_11min_274.jpg,0.409142,0.12114949999999997,0.7168340000000001,0.4599585,300,300,2.0
images/train\video_11min_274.jpg,0.8818285,0.11499000000000004,0.9565214999999999,0.934292,300,300,3.0
images/train\video_11min_274.jpg,0.3790415,0.5051335,0.6176145,0.8316225,300,300,4.0
images/train\video_11min_276.jpg,0.2062435,0.42915800000000004,0.5908585,0.778234,300,300,4.0
images/train\video_11min_277.jpg,0.257525,0.507187,0.583055,0.829569,300,300,4.0
images/train\video_11min_278.jpg,0.239688,0.34086299999999997,0.697882,0.802875,300,300,4.0
images/train\video_11min_279.jpg,0.2865105,0.310061,0.7168335,0.747433,300,300,4.0
images/train\video_11min_281.jpg,0.48049049999999993,0.433265,0.6465995,0.7412730000000001,300,300,4.0
images/train\video_11min_281.jpg,0.084727,0.45585249999999994,0.400223,0.8480494999999999,300,300,2.0
images/train\video_11min_281.jpg,0.5128205,0.08418899999999999,0.7357855000000001,0.37166299999999997,300,300,2.0
images/train\video_11min_282.jpg,0.0691195,0.589322,0.3835005,0.88501,300,300,3.0
images/train\video_11min_282.jpg,0.4169455,0.37577049999999995,0.6075805000000001,0.7145794999999999,300,300,3.0
images/train\video_11min_282.jpg,0.471572,0.053388500000000005,0.55184,0.3449695,300,300,3.0
images/train\video_11min_283.jpg,0.46265350000000005,0.05544149999999998,0.5562985,0.4763865,300,300,3.0
images/train\video_11min_283.jpg,0.0624305,0.46611899999999995,0.5763655000000001,0.806981,300,300,3.0
images/train\video_11min_284.jpg,0.05239700000000003,0.4661195,0.453735,0.6981525,300,300,3.0
images/train\video_11min_284.jpg,0.36008949999999995,0.03285450000000001,0.4827205,0.4804935,300,300,3.0
images/train\video_11min_285.jpg,0.039019,0.367557,0.42920899999999995,0.581109,300,300,3.0
images/train\video_11min_285.jpg,0.431438,0.03080150000000001,0.555184,0.4825465,300,300,3.0
images/train\video_11min_287.jpg,0.07915300000000003,0.135524,0.604237,0.577002,300,300,3.0
images/train\video_11min_288.jpg,0.09030049999999998,0.285421,0.5551834999999999,0.800821,300,300,3.0
images/train\video_11min_288.jpg,0.3823855,0.03080100000000001,0.4704565,0.252567,300,300,3.0
images/train\video_11min_289.jpg,0.065775,0.31827550000000004,0.49944299999999997,0.7494865,300,300,3.0
images/train\video_11min_289.jpg,0.3322185,0.049281500000000006,0.4626535,0.3080085,300,300,3.0
images/train\video_11min_292.jpg,0.2675585,0.022587499999999983,0.3366775,0.4496925,300,300,3.0
images/train\video_11min_292.jpg,0.06800499999999998,0.4866535,0.426979,0.8049284999999999,300,300,3.0
images/train\video_11min_293.jpg,0.091416,0.39425099999999996,0.51728,0.882957,300,300,3.0
images/train\video_11min_293.jpg,0.316611,0.04722850000000001,0.453735,0.3655035,300,300,3.0
images/train\video_11min_294.jpg,0.07469299999999998,0.6221765,0.5707909999999999,0.9527715,300,300,3.0
images/train\video_11min_294.jpg,0.431438,0.08418900000000001,0.598662,0.696099,300,300,3.0
images/train\video_11min_295.jpg,0.078038,0.687885,0.5195099999999999,0.950719,300,300,3.0
images/train\video_11min_295.jpg,0.531773,0.4496925,0.596433,0.7679674999999999,300,300,3.0
images/train\video_11min_295.jpg,0.43255299999999997,0.026693999999999996,0.502787,0.435318,300,300,3.0
images/train\video_11min_296.jpg,0.09253049999999999,0.6837785,0.5707915,0.9014375,300,300,3.0
images/train\video_11min_296.jpg,0.43701249999999997,0.08829600000000004,0.5975475,0.712526,300,300,3.0
images/train\video_11min_297.jpg,0.10033449999999997,0.47433250000000005,0.5328875,0.9342915,300,300,3.0
images/train\video_11min_297.jpg,0.5351165,0.04722749999999998,0.5953174999999999,0.5811085,300,300,3.0
images/train\video_11min_298.jpg,0.09253100000000003,0.4743325,0.599777,0.9753594999999999,300,300,3.0
images/train\video_11min_298.jpg,0.613155,0.18275100000000002,0.7212930000000001,0.572895,300,300,3.0
images/train\video_11min_298.jpg,0.5195095,0.053387500000000004,0.6287625,0.2258725,300,300,3.0
images/train\video_11min_299.jpg,0.08918599999999999,0.4887060000000001,0.461538,0.917864,300,300,3.0
images/train\video_11min_299.jpg,0.46711299999999994,0.26899399999999996,0.706801,0.603696,300,300,3.0
images/train\video_11min_299.jpg,0.5261979999999999,0.051334500000000005,0.636566,0.2422995,300,300,3.0
images/train\video_11min_300.jpg,0.13823849999999996,0.540041,0.4013375,0.909651,300,300,3.0
images/train\video_11min_300.jpg,0.412486,0.36755699999999997,0.697882,0.6016429999999999,300,300,3.0
images/train\video_11min_300.jpg,0.526199,0.08008199999999999,0.698997,0.367556,300,300,3.0
images/train\video_11min_301.jpg,0.09253099999999997,0.7885015000000001,0.793757,0.8644765,300,300,3.0
images/train\video_11min_301.jpg,0.2619845,0.6919919999999999,0.8807134999999999,0.813142,300,300,3.0
images/train\video_11min_301.jpg,0.061315499999999995,0.562628,0.1861765,0.689938,300,300,2.0
images/train\video_11min_301.jpg,0.20066849999999997,0.221766,0.5384614999999999,0.597536,300,300,2.0
images/train\video_11min_301.jpg,0.552954,0.092403,0.735786,0.252567,300,300,2.0
images/train\video_11min_302.jpg,0.07915250000000001,0.1950725,0.6008914999999999,0.6468175,300,300,2.0
images/train\video_11min_302.jpg,0.61204,0.036960999999999994,0.754738,0.203285,300,300,2.0
images/train\video_11min_302.jpg,0.146042,0.809035,0.647714,0.901437,300,300,3.0
images/train\video_11min_302.jpg,0.347826,0.698152,0.914158,0.798768,300,300,3.0
images/train\video_11min_303.jpg,0.18617550000000005,0.772074,0.9308805,0.87885,300,300,3.0
images/train\video_11min_303.jpg,0.06465949999999998,0.2936345,0.5618725,0.7987675000000001,300,300,2.0
images/train\video_11min_303.jpg,0.564103,0.102669,0.7803789999999999,0.35112899999999997,300,300,2.0
images/train\video_11min_304.jpg,0.04347799999999999,0.31211500000000003,0.503902,0.767967,300,300,2.0
images/train\video_11min_304.jpg,0.5016725,0.05544099999999999,0.7803795,0.392197,300,300,2.0
images/train\video_11min_304.jpg,0.20401350000000001,0.7864479999999999,0.8740245,0.87885,300,300,3.0
images/train\video_11min_305.jpg,0.17279850000000002,0.7843945,0.9018955,0.9753595,300,300,3.0
images/train\video_11min_305.jpg,0.091416,0.09650900000000001,0.7658860000000001,0.747433,300,300,2.0
images/train\video_11min_307.jpg,0.073579,0.04722749999999998,0.343367,0.4414785,300,300,2.0
images/train\video_11min_308.jpg,0.033445,0.036960999999999994,0.341137,0.45174499999999995,300,300,2.0
images/train\video_11min_310.jpg,0.15161699999999997,0.5256675,0.512821,0.9301845,300,300,3.0
images/train\video_11min_310.jpg,0.523969,0.32648849999999996,0.729097,0.5995895,300,300,3.0
images/train\video_11min_310.jpg,0.449276,0.1047235,0.67893,0.3080085,300,300,3.0
images/train\video_11min_311.jpg,0.20512850000000002,0.42505149999999997,0.5942035,0.9260785,300,300,3.0
images/train\video_11min_311.jpg,0.6153850000000001,0.26078,0.790413,0.476386,300,300,3.0
images/train\video_11min_311.jpg,0.5384610000000001,0.073922,0.745819,0.262834,300,300,3.0
images/train\video_11min_312.jpg,0.3578595,0.29363449999999996,0.5150505,0.9466114999999999,300,300,3.0
images/train\video_11min_312.jpg,0.534002,0.12730999999999998,0.9219620000000001,0.355236,300,300,3.0
images/train\video_11min_313.jpg,0.38684549999999995,0.27926049999999997,0.5261985,0.8809035000000001,300,300,3.0
images/train\video_11min_313.jpg,0.5451505,0.04517399999999999,0.9397995,0.355236,300,300,3.0
images/train\video_11min_315.jpg,0.4113715,0.3429155,0.48049050000000004,0.9178645000000001,300,300,3.0
images/train\video_11min_315.jpg,0.49721250000000006,0.0800815,0.8974355,0.35318249999999995,300,300,3.0
images/train\video_11min_316.jpg,0.4080265,0.19507199999999997,0.4715715,0.919918,300,300,3.0
images/train\video_11min_316.jpg,0.4403565,0.045174500000000006,0.5986615,0.2443535,300,300,3.0
images/train\video_11min_317.jpg,0.3790415,0.053388500000000005,0.5373465,0.9691995,300,300,3.0
images/train\video_11min_321.jpg,0.2898545,0.33880899999999997,0.6198435,0.480493,300,300,1.0
images/train\video_11min_323.jpg,0.3455965,0.04517399999999999,0.5652175,0.9322379999999999,300,300,3.0
images/train\video_11min_324.jpg,0.458194,0.13347050000000005,0.690078,0.9425055,300,300,3.0
images/train\video_11min_325.jpg,0.5919735,0.10472299999999996,0.7302125,0.8891169999999999,300,300,3.0
images/train\video_11min_326.jpg,0.41137149999999995,0.5277205,0.6856184999999999,0.6837774999999999,300,300,1.0
images/train\video_11min_326.jpg,0.7346715,0.4024635,0.8227425,0.5071865,300,300,1.0
images/train\video_11min_326.jpg,0.5306580000000001,0.06365500000000002,0.68116,0.486653,300,300,2.0
images/train\video_11min_326.jpg,0.712375,0.6242300000000001,0.944259,0.919918,300,300,2.0
images/train\video_11min_327.jpg,0.5306575,0.06981499999999999,0.6231884999999999,0.392197,300,300,2.0
images/train\video_11min_327.jpg,0.6911935,0.603696,0.8818284999999999,0.843942,300,300,2.0
images/train\video_11min_327.jpg,0.38127050000000007,0.4373715,0.6733555,0.5811085,300,300,1.0
images/train\video_11min_327.jpg,0.752508,0.4168375,0.857302,0.5400405,300,300,1.0
images/train\video_11min_328.jpg,0.5406915,0.0718685,0.7257524999999999,0.3244355,300,300,3.0
images/train\video_11min_328.jpg,0.565218,0.3963045,0.705686,0.9486654999999999,300,300,3.0
images/train\video_11min_329.jpg,0.5652175,0.47022600000000003,0.6666664999999999,0.9671460000000001,300,300,3.0
images/train\video_11min_329.jpg,0.7023415000000001,0.2402465,0.9710145,0.5112935,300,300,3.0
images/train\video_11min_329.jpg,0.715719,0.059548500000000004,0.936455,0.2361395,300,300,3.0
images/train\video_11min_330.jpg,0.672241,0.5913754999999999,0.785953,0.9712525,300,300,3.0
images/train\video_11min_330.jpg,0.809365,0.5071869999999999,0.9710150000000001,0.607803,300,300,3.0
images/train\video_11min_330.jpg,0.8026755,0.18480449999999998,0.9877364999999999,0.3162215,300,300,3.0
images/train\video_11min_331.jpg,0.8952060000000001,0.5071865,0.957636,0.9815195000000001,300,300,3.0
images/train\video_11min_335.jpg,0.637681,0.38809050000000006,0.707915,0.9691995,300,300,3.0
images/train\video_11min_335.jpg,0.7302115,0.13963099999999998,0.9843925,0.474333,300,300,3.0
images/train\video_11min_336.jpg,0.3065775,0.3942505,0.5607584999999999,0.9733054999999999,300,300,3.0
images/train\video_11min_336.jpg,0.5841695,0.383984,0.6911925000000001,0.558522,300,300,3.0
images/train\video_11min_336.jpg,0.370123,0.11498999999999998,0.691193,0.383984,300,300,3.0
images/train\video_11min_337.jpg,0.3110365,0.648871,0.46822749999999996,0.9712529999999999,300,300,3.0
images/train\video_11min_337.jpg,0.48495,0.49281300000000006,0.686734,0.652977,300,300,3.0
images/train\video_11min_337.jpg,0.241917,0.09856249999999997,0.651059,0.49897349999999996,300,300,3.0
images/train\video_11min_338.jpg,0.2564105,0.6591375,0.44593150000000004,0.9712525,300,300,3.0
images/train\video_11min_338.jpg,0.45485000000000003,0.5112935,0.635452,0.7371665,300,300,3.0
images/train\video_11min_338.jpg,0.19620949999999998,0.1273095,0.5997764999999999,0.5010265,300,300,3.0
images/train\video_11min_339.jpg,0.277592,0.6509245,0.47937599999999997,0.9753595,300,300,3.0
images/train\video_11min_339.jpg,0.492754,0.4250515,0.6332220000000001,0.6755645,300,300,3.0
images/train\video_11min_339.jpg,0.14158300000000001,0.059548499999999976,0.550725,0.41889149999999997,300,300,3.0
images/train\video_11min_340.jpg,0.58194,0.030800999999999995,0.945374,0.39835699999999996,300,300,3.0
images/train\video_11min_340.jpg,0.250836,0.0924025,0.33221799999999996,0.9014374999999999,300,300,2.0
images/train\video_11min_341.jpg,0.26309899999999997,0.10266949999999997,0.329989,0.8767965,300,300,2.0
images/train\video_11min_341.jpg,0.590859,0.04312099999999999,0.936455,0.38398299999999996,300,300,3.0
images/train\video_11min_342.jpg,0.657748,0.030800999999999995,0.9386840000000001,0.29774100000000003,300,300,3.0
images/train\video_11min_342.jpg,0.23076899999999997,0.043121500000000035,0.34894099999999995,0.9712525000000001,300,300,2.0
images/train\video_11min_343.jpg,0.0992195,0.05544150000000003,0.3221845,0.8767965,300,300,2.0
images/train\video_11min_343.jpg,0.47714650000000003,0.7371665000000001,0.9397995,0.9486654999999999,300,300,3.0
images/train\video_11min_344.jpg,0.1605355,0.07186900000000002,0.3422525,0.8911709999999999,300,300,2.0
images/train\video_11min_345.jpg,0.1371235,0.12114999999999998,0.3244145,0.934292,300,300,2.0
images/train\video_11min_346.jpg,0.0947605,0.06981549999999997,0.27090349999999996,0.8726905,300,300,2.0
images/train\video_11min_347.jpg,0.3244145,0.3572895,0.5919734999999999,0.9917864999999999,300,300,3.0
images/train\video_11min_347.jpg,0.14604250000000002,0.1519505,0.4225195,0.3223815,300,300,3.0
images/train\video_11min_348.jpg,0.32887449999999996,0.37371649999999995,0.5841695,0.9260774999999999,300,300,3.0
images/train\video_11min_348.jpg,0.5663320000000001,0.4086245,0.628762,0.5646815000000001,300,300,3.0
images/train\video_11min_348.jpg,0.1148275,0.059548500000000004,0.46711250000000004,0.3388095,300,300,3.0
images/train\video_11min_349.jpg,0.329989,0.344969,0.618729,0.9958929999999999,300,300,3.0
images/train\video_11min_349.jpg,0.0958745,0.0780285,0.39576350000000005,0.3305955,300,300,3.0
images/train\video_11min_350.jpg,0.34002200000000005,0.3757705,0.630992,0.9691995,300,300,3.0
images/train\video_11min_350.jpg,0.08472649999999998,0.059548500000000004,0.5551835,0.3655035,300,300,3.0
images/train\video_11min_351.jpg,0.3400225,0.386037,0.6075815,0.9507190000000001,300,300,3.0
images/train\video_11min_351.jpg,0.1137125,0.10472299999999998,0.5496095,0.37166299999999997,300,300,3.0
images/train\video_11min_352.jpg,0.3835,0.3963035,0.625418,0.9507185,300,300,3.0
images/train\video_11min_352.jpg,0.12374549999999998,0.0800825,0.5618725,0.3593435,300,300,3.0
images/train\video_11min_353.jpg,0.33556300000000006,0.3778235,0.645485,0.9712525,300,300,3.0
images/train\video_11min_353.jpg,0.10813850000000003,0.0657085,0.5440355,0.3839835,300,300,3.0
images/train\video_11min_354.jpg,0.316611,0.3757694999999999,0.596433,0.9507185,300,300,3.0
images/train\video_11min_354.jpg,0.08361199999999999,0.0657085,0.534002,0.3449695,300,300,3.0
images/train\video_11min_355.jpg,0.354515,0.37577,0.645485,0.9671460000000001,300,300,3.0
images/train\video_11min_355.jpg,0.09364550000000002,0.0698155,0.5585285,0.34291649999999996,300,300,3.0
images/train\video_11min_356.jpg,0.35228550000000003,0.427105,0.6343365,0.965093,300,300,3.0
images/train\video_11min_356.jpg,0.0836115,0.06981499999999999,0.6343365000000001,0.42710499999999996,300,300,3.0
images/train\video_11min_357.jpg,0.3567445,0.4414785,0.6521735,0.9466115,300,300,3.0
images/train\video_11min_357.jpg,0.08361249999999998,0.05338849999999998,0.6164995,0.4250515,300,300,3.0
images/train\video_11min_358.jpg,0.3567450000000001,0.43121200000000004,0.653289,0.960986,300,300,3.0
images/train\video_11min_358.jpg,0.08361200000000002,0.05133449999999998,0.617614,0.43121149999999997,300,300,3.0
images/train\video_11min_359.jpg,0.362319,0.42505149999999997,0.628763,0.9507185,300,300,3.0
images/train\video_11min_359.jpg,0.04459350000000001,0.028746999999999995,0.6176145,0.42505099999999996,300,300,3.0
images/train\video_11min_360.jpg,0.342252,0.44969200000000004,0.488294,0.9856260000000001,300,300,3.0
images/train\video_11min_360.jpg,0.443701,0.2484605,0.654403,0.4250515,300,300,3.0
images/train\video_11min_360.jpg,0.21739100000000003,0.094456,0.584169,0.22998000000000002,300,300,3.0
images/train\video_11min_361.jpg,0.023411499999999974,0.059548500000000004,0.7736905000000001,0.8685835,300,300,3.0
images/train\video_11min_362.jpg,0.045708000000000026,0.028746999999999967,0.8115939999999999,0.880903,300,300,3.0
images/train\video_11min_363.jpg,0.43589800000000006,0.27720750000000005,0.6276480000000001,0.6036965,300,300,1.0
images/train\video_11min_365.jpg,0.02564150000000004,0.020533999999999997,0.6711265,0.813142,300,300,3.0
images/train\video_11min_366.jpg,0.15050200000000002,0.20944550000000006,0.9398000000000001,0.9630385,300,300,3.0
images/train\video_11min_366.jpg,0.08138250000000001,0.06570899999999996,0.2798215,0.850103,300,300,2.0
images/train\video_11min_367.jpg,0.13154900000000003,0.09650899999999996,0.282051,0.936345,300,300,2.0
images/train\video_11min_367.jpg,0.333333,0.31416849999999996,0.9397989999999999,0.9363454999999999,300,300,3.0
images/train\video_11min_368.jpg,0.45039,0.455852,0.9576359999999999,0.89117,300,300,3.0
images/train\video_11min_368.jpg,0.297659,0.05544150000000003,0.36566299999999996,0.8521565,300,300,2.0
images/train\video_11min_370.jpg,0.600892,0.3080085,0.80602,0.4661195,300,300,1.0
images/train\video_11min_371.jpg,0.442586,0.4250515,0.655518,0.5975365,300,300,1.0
images/train\video_11min_372.jpg,0.0702335,0.5379875000000001,0.4024525,0.8583164999999999,300,300,4.0
images/train\video_11min_376.jpg,0.350056,0.7104725000000001,0.70903,0.8357295,300,300,4.0
images/train\video_11min_376.jpg,0.405797,0.531828,0.622073,0.5975360000000001,300,300,1.0
images/train\video_11min_376.jpg,0.2129315,0.6652980000000001,0.3244145,0.7269,300,300,1.0
images/train\video_11min_377.jpg,0.383501,0.4024645,0.493869,0.6057494999999999,300,300,1.0
images/train\video_11min_377.jpg,0.0891865,0.6283369999999999,0.2151615,0.720739,300,300,1.0
images/train\video_11min_378.jpg,0.3823855,0.478439,0.5206245,0.626283,300,300,1.0
images/train\video_11min_378.jpg,0.230769,0.6201235,0.738015,0.7782344999999999,300,300,4.0
images/train\video_11min_378.jpg,0.11482700000000001,0.21355300000000002,0.430323,0.507187,300,300,4.0
images/train\video_11min_379.jpg,0.15942050000000002,0.1581115,0.3768115,0.3613965,300,300,4.0
images/train\video_11min_379.jpg,0.24080300000000002,0.568789,0.674471,0.9712529999999999,300,300,4.0
images/train\video_11min_379.jpg,0.3857305,0.4250515,0.4972135,0.5092405,300,300,1.0
images/train\video_11min_380.jpg,0.46376750000000005,0.1478435,0.5886285,0.2464065,300,300,1.0
images/train\video_11min_380.jpg,0.195095,0.2895275,0.31326699999999996,0.3921965,300,300,1.0
images/train\video_11min_380.jpg,0.16722349999999997,0.37987750000000003,0.7045705,0.9856265,300,300,4.0
images/train\video_11min_380.jpg,0.60981,0.22792600000000002,0.80602,0.293634,300,300,4.0
images/train\video_11min_381.jpg,0.07580850000000001,0.37576999999999994,0.2842815,0.685832,300,300,4.0
images/train\video_11min_381.jpg,0.35563,0.23408600000000002,0.724638,0.535934,300,300,4.0
images/train\video_11min_381.jpg,0.457079,0.073922,0.578595,0.21355200000000002,300,300,1.0
images/train\video_11min_381.jpg,0.22631,0.252567,0.2932,0.367557,300,300,1.0
images/train\video_11min_381.jpg,0.33110399999999995,0.585215,0.511706,0.700205,300,300,1.0
images/train\video_11min_382.jpg,0.591973,0.3244355,0.812709,0.4271045,300,300,1.0
images/train\video_11min_383.jpg,0.8338905,0.3182755,0.9487175,0.4209445,300,300,1.0
images/train\video_11min_383.jpg,0.40691200000000005,0.158111,0.784838,0.318275,300,300,4.0
images/train\video_11min_384.jpg,0.32107,0.14784400000000003,0.6856180000000001,0.38809,300,300,4.0
images/train\video_11min_384.jpg,0.7792645,0.316222,0.9041254999999999,0.517454,300,300,1.0
images/train\video_11min_385.jpg,0.2876255,0.18275200000000003,0.6856185,0.60575,300,300,4.0
images/train\video_11min_385.jpg,0.7123745,0.49897350000000007,0.8327755,0.7043125,300,300,1.0
images/train\video_11min_386.jpg,0.6209589999999999,0.43326499999999996,0.955407,0.9425049999999999,300,300,3.0
images/train\video_11min_386.jpg,0.18952050000000004,0.1252565,0.4392415,0.9342914999999999,300,300,2.0
images/train\video_11min_387.jpg,0.13712399999999997,0.14373750000000002,0.416946,0.9589325,300,300,2.0
images/train\video_11min_387.jpg,0.5930885,0.40041099999999996,0.9587515000000001,0.9301849999999999,300,300,3.0
images/train\video_11min_388.jpg,0.49386849999999993,0.09034849999999994,0.9665555,0.9671455,300,300,3.0
images/train\video_11min_388.jpg,0.051281999999999994,0.37371649999999995,0.234114,0.9260774999999999,300,300,2.0
images/train\video_11min_395.jpg,0.34448199999999995,0.704312,0.511706,0.946612,300,300,2.0
images/train\video_11min_395.jpg,0.7045705,0.2114985,0.9264215,0.49691949999999996,300,300,2.0
images/train\video_11min_396.jpg,0.054626499999999995,0.6057494999999999,0.2820515,0.9034905,300,300,2.0
images/train\video_11min_396.jpg,0.4069125,0.08418949999999997,0.6700115,0.4147845,300,300,2.0
images/train\video_11min_397.jpg,0.267559,0.24229949999999997,0.49944299999999997,0.6694045,300,300,2.0
images/train\video_11min_398.jpg,0.284281,0.219712,0.523969,0.7043119999999999,300,300,2.0
images/train\video_11min_399.jpg,0.30546249999999997,0.22176600000000002,0.49832750000000003,0.63039,300,300,2.0
images/train\video_11min_400.jpg,0.24191800000000002,0.334702,0.433668,0.7453799999999999,300,300,2.0
images/train\video_11min_401.jpg,0.287625,0.197125,0.500557,0.673511,300,300,2.0
images/train\video_11min_402.jpg,0.27870649999999997,0.10677599999999998,0.48494950000000003,0.671458,300,300,2.0
images/train\video_11min_403.jpg,0.22185049999999998,0.08829549999999997,0.4816055,0.7412725,300,300,2.0
images/train\video_11min_404.jpg,0.24080249999999997,0.21149849999999998,0.4314375,0.6591374999999999,300,300,2.0
images/train\video_11min_405.jpg,0.2932,0.13552400000000003,0.45485,0.665298,300,300,2.0
images/train\video_11min_406.jpg,0.2775915,0.08008199999999999,0.4515045,0.671458,300,300,2.0
images/train\video_11min_407.jpg,0.238573,0.151951,0.449275,0.7967150000000001,300,300,2.0
images/train\video_11min_408.jpg,0.35563,0.13757749999999996,0.509476,0.6837785000000001,300,300,2.0
images/train\video_11min_409.jpg,0.3322185,0.10882999999999998,0.4894095,0.724846,300,300,2.0
images/train\video_11min_410.jpg,0.3411375,0.178645,0.4693425,0.694045,300,300,2.0
images/train\video_11min_411.jpg,0.3288735,0.1540045,0.4537345,0.7145795,300,300,2.0
images/train\video_11min_412.jpg,0.3511705,0.1375765,0.4358975,0.7453795,300,300,2.0
images/train\video_11min_413.jpg,0.3377925,0.13552400000000003,0.4314375,0.7453799999999999,300,300,2.0
images/train\video_11min_414.jpg,0.3534,0.10882950000000002,0.41583,0.6878845,300,300,2.0
images/train\video_11min_415.jpg,0.34002200000000005,0.178645,0.41806,0.7104729999999999,300,300,2.0
images/train\video_11min_417.jpg,0.18617599999999998,0.4394255,0.43701199999999996,0.8706365,300,300,2.0
images/train\video_11min_418.jpg,0.2842805,0.225873,0.9030095,0.501027,300,300,2.0
images/train\video_11min_419.jpg,0.28985550000000004,0.515401,0.6254185,0.876797,300,300,4.0
images/train\video_11min_421.jpg,0.8294315,0.14168349999999996,0.9442585,0.8891165,300,300,3.0
images/train\video_11min_421.jpg,0.053512000000000004,0.29363449999999996,0.641026,0.9753594999999999,300,300,2.0
images/train\video_11min_422.jpg,0.085842,0.3162215,0.35563,0.5667344999999999,300,300,2.0
images/train\video_11min_422.jpg,0.3556295,0.572895,0.6231884999999999,0.969199,300,300,2.0
images/train\video_11min_423.jpg,0.065775,0.250513,0.42140500000000003,0.706365,300,300,2.0
images/train\video_11min_423.jpg,0.42920800000000003,0.696099,0.636566,0.9979469999999999,300,300,2.0
images/train\video_11min_423.jpg,0.820513,0.08624199999999999,0.9531769999999999,0.87269,300,300,3.0
images/train\video_11min_424.jpg,0.809364,0.14578999999999998,0.9843919999999999,0.958932,300,300,3.0
images/train\video_11min_424.jpg,0.06689,0.31006200000000006,0.595318,0.919918,300,300,2.0
images/train\video_11min_425.jpg,0.09476099999999998,0.326489,0.672241,0.9445589999999999,300,300,2.0
images/train\video_11min_425.jpg,0.790412,0.09034900000000001,0.984392,0.928131,300,300,3.0
images/train\video_11min_426.jpg,0.8260865,0.13552350000000002,0.9620955,0.9096505,300,300,3.0
images/train\video_11min_426.jpg,0.07357800000000003,0.31827500000000003,0.630992,0.9425049999999999,300,300,2.0
images/train\video_11min_427.jpg,0.10925299999999999,0.4045174999999999,0.629877,0.9240245,300,300,2.0
images/train\video_11min_427.jpg,0.787068,0.008213499999999985,0.984392,0.8973305,300,300,3.0
images/train\video_11min_428.jpg,0.8071349999999999,0.07186900000000002,0.968785,0.8357289999999999,300,300,3.0
images/train\video_11min_428.jpg,0.0891865,0.32238199999999995,0.6622075000000001,0.926078,300,300,2.0
images/train\video_11min_430.jpg,0.2976585,0.5154000000000001,0.7681155,0.926078,300,300,4.0
images/train\video_11min_430.jpg,0.151616,0.18480449999999998,0.45596400000000004,0.46406549999999996,300,300,4.0
images/train\video_11min_434.jpg,0.780379,0.0800825,0.958751,0.9425055,300,300,3.0
images/train\video_11min_434.jpg,0.071349,0.3819294999999999,0.470457,0.7289525,300,300,2.0
images/train\video_11min_434.jpg,0.49944299999999997,0.728953,0.6744709999999999,0.936345,300,300,2.0
images/train\video_11min_435.jpg,0.078038,0.449692,0.38573,0.657084,300,300,2.0
images/train\video_11min_435.jpg,0.3857305,0.657084,0.6811594999999999,0.946612,300,300,2.0
images/train\video_11min_443.jpg,0.012263499999999983,0.398357,0.5016725,0.558521,300,300,3.0
images/train\video_11min_443.jpg,0.540691,0.36755649999999995,0.939799,0.7946615,300,300,3.0
images/train\video_11min_444.jpg,0.054626499999999995,0.4271045,0.5406915,0.5236135,300,300,3.0
images/train\video_11min_444.jpg,0.556299,0.4989735,0.9175030000000001,0.8193025,300,300,3.0
images/train\video_11min_445.jpg,0.06131500000000001,0.37987649999999995,0.629877,0.5585215,300,300,3.0
images/train\video_11min_445.jpg,0.557413,0.5975355,0.985507,0.7761804999999999,300,300,3.0
images/train\video_11min_446.jpg,0.08138199999999998,0.3511295,0.564102,0.5154005,300,300,3.0
images/train\video_11min_446.jpg,0.5496095000000001,0.49076000000000003,0.9933105,0.765914,300,300,3.0
images/train\video_11min_447.jpg,0.034559499999999965,0.37577,0.5618725,0.62423,300,300,3.0
images/train\video_11min_447.jpg,0.5785955,0.589323,0.9921964999999999,0.802875,300,300,3.0
images/train\video_11min_449.jpg,0.5975475,0.0985625,0.9687845,0.8993835,300,300,3.0
images/train\video_11min_451.jpg,0.7335565000000001,0.08213549999999997,0.9420295,0.6160165,300,300,2.0
images/train\video_11min_451.jpg,0.5930880000000001,0.570842,0.824972,0.827516,300,300,2.0
images/train\video_11min_451.jpg,0.16833850000000003,0.5728955,0.4738015,0.9199185000000001,300,300,4.0
images/train\video_11min_452.jpg,0.30211849999999996,0.351129,0.5083615,0.700205,300,300,4.0
images/train\video_11min_454.jpg,0.28874,0.45379899999999995,0.45596400000000004,0.794661,300,300,4.0
images/train\video_11min_455.jpg,0.3467115,0.42710499999999996,0.4804905,0.741273,300,300,4.0
images/train\video_11min_456.jpg,0.23968850000000003,0.4681725,0.4303235,0.9075975,300,300,4.0
images/train\video_11min_457.jpg,0.2642135,0.47844,0.4459305,0.792608,300,300,4.0
images/train\video_11min_458.jpg,0.18617599999999998,0.27720750000000005,0.41025599999999995,0.7720745,300,300,4.0
images/train\video_11min_459.jpg,0.36120399999999997,0.383984,0.695652,0.772074,300,300,4.0
images/train\video_11min_460.jpg,0.36789249999999996,0.40657099999999996,0.6410255,0.9178649999999999,300,300,4.0
images/train\video_11min_460.jpg,0.7502785000000001,0.5236135000000001,0.8483835,0.8295685,300,300,1.0
images/train\video_11min_460.jpg,0.277592,0.266941,0.35897399999999996,0.34702299999999997,300,300,1.0
images/train\video_11min_461.jpg,0.7257525,0.517454,0.8428095,0.804928,300,300,1.0
images/train\video_11min_461.jpg,0.2352285,0.262834,0.3790415,0.36961,300,300,1.0
images/train\video_11min_461.jpg,0.27759199999999995,0.4312115,0.665552,0.9034905,300,300,4.0
images/train\video_11min_462.jpg,0.4136005,0.2361395,0.6900774999999999,0.9240245,300,300,4.0
images/train\video_11min_462.jpg,0.725753,0.474333,0.814939,0.663245,300,300,1.0
images/train\video_11min_462.jpg,0.23299899999999998,0.18069799999999997,0.377927,0.334702,300,300,1.0
images/train\video_11min_463.jpg,0.25306549999999994,0.1991785,0.3266445,0.3367555,300,300,1.0
images/train\video_11min_463.jpg,0.7212934999999999,0.49076,0.8517285,0.804928,300,300,1.0
images/train\video_11min_463.jpg,0.3846155,0.326489,0.6722405,0.8685829999999999,300,300,4.0
images/train\video_11min_464.jpg,0.3645485,0.35934299999999997,0.5953174999999999,0.8357289999999999,300,300,4.0
images/train\video_11min_464.jpg,0.5797105,0.3757705,0.6755855,0.4661195,300,300,0.0
images/train\video_11min_464.jpg,0.7012265000000001,0.533881,0.8595315,0.755647,300,300,1.0
images/train\video_11min_465.jpg,0.7257520000000001,0.5195075,0.849498,0.7166325,300,300,1.0
images/train\video_11min_465.jpg,0.37235250000000003,0.4579055,0.5596435000000001,0.7761804999999999,300,300,4.0
images/train\video_11min_465.jpg,0.5707920000000001,0.3470225,0.671126,0.49691949999999996,300,300,0.0
images/train\video_11min_465.jpg,0.1783725,0.23203249999999997,0.3522855,0.3223815,300,300,1.0
images/train\video_11min_466.jpg,0.21516199999999996,0.24846000000000001,0.315496,0.330596,300,300,1.0
images/train\video_11min_466.jpg,0.7324415,0.513347,0.8472685,0.702259,300,300,1.0
images/train\video_11min_466.jpg,0.574136,0.3880905,0.6387959999999999,0.45995949999999997,300,300,0.0
images/train\video_11min_466.jpg,0.26198449999999995,0.4414779999999999,0.6008915,0.88501,300,300,4.0
images/train\video_11min_467.jpg,0.2586395,0.453799,0.5050165,0.8644769999999999,300,300,4.0
images/train\video_11min_467.jpg,0.556299,0.416838,0.6744709999999999,0.49692,300,300,0.0
images/train\video_11min_467.jpg,0.7346705,0.540041,0.8405795,0.755647,300,300,1.0
images/train\video_11min_467.jpg,0.373467,0.2299795,0.462653,0.3347025,300,300,1.0
images/train\video_11min_467.jpg,0.19732449999999999,0.23819300000000002,0.2441475,0.28542100000000004,300,300,1.0
images/train\video_11min_468.jpg,0.183946,0.22381900000000002,0.237458,0.28336700000000004,300,300,1.0
images/train\video_11min_468.jpg,0.7201785,0.5420945,0.8428095,0.6858315,300,300,1.0
images/train\video_11min_468.jpg,0.5663325,0.37577,0.6510595,0.482546,300,300,0.0
images/train\video_11min_468.jpg,0.3478255,0.466119,0.5830545,0.7679670000000001,300,300,4.0
images/train\video_11min_469.jpg,0.302118,0.49897349999999996,0.51505,0.7761804999999999,300,300,4.0
images/train\video_11min_469.jpg,0.7257525,0.4825465,0.7971014999999999,0.6468175,300,300,1.0
images/train\video_11min_469.jpg,0.19620900000000002,0.252567,0.244147,0.28747500000000004,300,300,1.0
images/train\video_11min_469.jpg,0.5663325,0.3757705,0.6510595,0.49897349999999996,300,300,0.0
images/train\video_11min_470.jpg,0.521739,0.3655035,0.6644369999999999,0.5359345,300,300,0.0
images/train\video_11min_470.jpg,0.36120399999999997,0.5154005,0.498328,0.7186855,300,300,0.0
images/train\video_11min_470.jpg,0.3645485,0.5277205,0.4983275,0.6796715,300,300,4.0
images/train\video_11min_470.jpg,0.7012265,0.48254600000000003,0.8216275,0.698152,300,300,1.0
images/train\video_11min_470.jpg,0.15496100000000002,0.2505135,0.343367,0.32238249999999996,300,300,1.0
images/train\video_11min_471.jpg,0.7302125,0.544148,0.8238575,0.718686,300,300,1.0
images/train\video_11min_471.jpg,0.177258,0.232033,0.24749200000000002,0.299795,300,300,1.0
images/train\video_11min_471.jpg,0.529543,0.359343,0.6321070000000001,0.507187,300,300,0.0
images/train\video_11min_471.jpg,0.2965445,0.49281299999999995,0.5484955,0.856263,300,300,4.0
images/train\video_11min_472.jpg,0.4726865,0.4414785,0.6766995,0.8542095,300,300,4.0
images/train\video_11min_472.jpg,0.8874029999999999,0.663244,0.968785,0.811088,300,300,1.0
images/train\video_11min_472.jpg,0.698997,0.447639,0.7937569999999999,0.634497,300,300,0.0
images/train\video_11min_473.jpg,0.856187,0.566735,0.939799,0.6817249999999999,300,300,0.0
images/train\video_11min_473.jpg,0.47603100000000004,0.42915749999999997,0.576365,0.5482545,300,300,1.0
images/train\video_11min_474.jpg,0.4559645,0.669405,0.5997775,0.8357289999999999,300,300,1.0
images/train\video_11min_475.jpg,0.4849495,0.6694045000000001,0.6075805,0.7946615,300,300,1.0
images/train\video_11min_476.jpg,0.500557,0.5667355000000001,0.5975469999999999,0.6632445,300,300,1.0
images/train\video_11min_476.jpg,0.8717945,0.6858314999999999,0.9241915,0.7700205,300,300,0.0
images/train\video_11min_476.jpg,0.629877,0.6960985,0.7971010000000001,0.8932235,300,300,4.0
images/train\video_11min_483.jpg,0.03456000000000001,0.40451750000000003,0.35005600000000003,0.7967145,300,300,3.0
images/train\video_11min_483.jpg,0.369008,0.336756,0.503902,0.505134,300,300,3.0
images/train\video_11min_483.jpg,0.5384615,0.5318269999999999,0.9420285,0.579055,300,300,3.0
images/train\video_11min_484.jpg,0.056856500000000004,0.34496949999999993,0.5250835,0.8234085,300,300,3.0
images/train\video_11min_484.jpg,0.5763655,0.4969205,0.9821624999999999,0.6735114999999999,300,300,3.0
images/train\video_11min_485.jpg,0.6298775,0.0636545,0.8896324999999999,0.5112935000000001,300,300,3.0
images/train\video_11min_485.jpg,0.11259749999999996,0.667351,0.9520625,0.726899,300,300,2.0
images/train\video_11min_486.jpg,0.11482750000000003,0.6837785000000001,0.9331105,0.7556475,300,300,2.0
images/train\video_11min_486.jpg,0.4280935,0.010267499999999985,0.9687845,0.4620125,300,300,3.0
images/train\video_11min_488.jpg,0.1282045,0.35112899999999997,0.5819395,0.9219709999999999,300,300,4.0
images/train\video_11min_488.jpg,0.337793,0.2217655,0.453735,0.3388085,300,300,0.0
images/train\video_11min_488.jpg,0.596433,0.32854249999999996,0.6989970000000001,0.4928135,300,300,1.0
images/train\video_11min_489.jpg,0.578596,0.35934350000000004,0.730212,0.5626285,300,300,1.0
images/train\video_11min_489.jpg,0.367893,0.23203249999999997,0.44593099999999997,0.3511295,300,300,0.0
images/train\video_11min_489.jpg,0.15942000000000003,0.3860375,0.46934200000000004,0.8583164999999999,300,300,4.0
images/train\video_11min_490.jpg,0.583055,0.33059499999999997,0.7670009999999999,0.566735,300,300,1.0
images/train\video_11min_491.jpg,0.5362319999999999,0.34496950000000004,0.701226,0.6036965,300,300,1.0
images/train\video_11min_491.jpg,0.33556299999999994,0.30390150000000005,0.480491,0.3880905,300,300,0.0
images/train\video_11min_491.jpg,0.1950945,0.4168375,0.5384614999999999,0.8357285000000001,300,300,4.0
images/train\video_11min_492.jpg,0.1739135,0.646817,0.4938685,0.809035,300,300,4.0
images/train\video_11min_492.jpg,0.560758,0.41683749999999997,0.703456,0.6960985,300,300,1.0
images/train\video_11min_492.jpg,0.331103,0.3716625,0.411371,0.4907595,300,300,0.0
images/train\video_11min_493.jpg,0.32441450000000005,0.410678,0.3979935,0.49692000000000003,300,300,0.0
images/train\video_11min_493.jpg,0.49163899999999994,0.4414785,0.748049,0.7002054999999999,300,300,1.0
images/train\video_11min_494.jpg,0.511706,0.457906,0.7279819999999999,0.650924,300,300,1.0
images/train\video_11min_494.jpg,0.3199555,0.316222,0.4314385,0.564682,300,300,0.0
images/train\video_11min_495.jpg,0.3377925,0.36345,0.46042350000000004,0.457906,300,300,0.0
images/train\video_11min_496.jpg,0.362319,0.31416849999999996,0.445931,0.4661195,300,300,0.0
images/train\video_11min_496.jpg,0.565217,0.42710500000000007,0.702341,0.613963,300,300,1.0
images/train\video_11min_497.jpg,0.5161655,0.5728949999999999,0.7525085,0.774127,300,300,1.0
